{
  "fe_version": "v1",
  "auc": 0.7717995902684393,
  "best_f1": 0.532185628742515,
  "best_thr": 0.49,
  "precision": 0.5282317979197623,
  "recall": 0.5361990950226244,
  "f1_at_best_thr": 0.532185628742515,
  "tn": 4032,
  "fp": 635,
  "fn": 615,
  "tp": 711,
  "n_samples": 5993
}