{
  "fe_version": "v3",
  "auc": 0.7657466935942843,
  "best_f1": 0.5296710749406579,
  "best_thr": 0.31,
  "precision": 0.48120764017252005,
  "recall": 0.5889894419306184,
  "f1_at_best_thr": 0.5296710749406579,
  "tn": 3825,
  "fp": 842,
  "fn": 545,
  "tp": 781,
  "n_samples": 5993
}