{
  "fe_version": "v2",
  "auc": 0.7672304273030272,
  "best_f1": 0.5294117647058824,
  "best_thr": 0.41000000000000003,
  "precision": 0.5294117647058824,
  "recall": 0.5294117647058824,
  "f1_at_best_thr": 0.5294117647058824,
  "tn": 4043,
  "fp": 624,
  "fn": 624,
  "tp": 702,
  "n_samples": 5993
}