{
  "fe_version": "v0",
  "auc": 0.7542079250318577,
  "best_f1": 0.5239456754824875,
  "best_thr": 0.45000000000000007,
  "precision": 0.49796195652173914,
  "recall": 0.552790346907994,
  "f1_at_best_thr": 0.5239456754824875,
  "tn": 3928,
  "fp": 739,
  "fn": 593,
  "tp": 733,
  "n_samples": 5993
}